Type,Name,Request Count,Failure Count,Median Response Time,Average Response Time,Min Response Time,Max Response Time,Average Content Size,Requests/s,Failures/s,50%,66%,75%,80%,90%,95%,98%,99%,99.9%,99.99%,100%
GET,GET /channels,16,16,15002.200999995694,15011.020587495295,15002.200999995694,15019.002699991688,0.0,0.10991334366206502,0.10991334366206502,15000,15000,15000,15000,15000,15000,15000,15000,15000,15000,15000
GET,GET /get_recordings_timeline (html),13,0,15004.541799949948,15011.324061541996,15004.541799949948,15019.54280002974,0.0,0.08930459172542783,0.0,15000,15000,15000,15000,15000,15000,15000,15000,15000,15000,15000
GET,GET /live_metadata,27,27,15002.572399971541,15010.15386666404,15002.572399971541,15019.708700012416,0.0,0.18547876742973474,0.18547876742973474,15000,15000,15000,15000,15000,15000,15000,15000,15000,15000,15000
POST,POST /configure,24,24,15004.660300037358,15016.536929171707,15004.660300037358,15115.603699989151,0.0,0.16487001549309754,0.16487001549309754,15000,15000,15000,15000,15000,15000,15000,15000,15000,15000,15000
POST,POST /recordings_in_time_range,18,18,15005.485600035172,15012.094244445001,15005.485600035172,15018.895900051575,0.0,0.12365251161982314,0.12365251161982314,15000,15000,15000,15000,15000,15000,15000,15000,15000,15000,15000
POST,POST /recordings_in_time_range (discover),20,20,15002.983199956361,15012.7590899996,15002.983199956361,15034.773599996697,0.0,0.13739167957758128,0.13739167957758128,15000,15000,15000,15000,15000,15000,15000,15000,15000,15000,15000
VALIDATE,on_start:create-job-failed,20,20,0,0.0,0,0,0.0,0.13739167957758128,0.13739167957758128,0,0,0,0,0,0,0,0,0,0,0
,Aggregated,138,125,15000.0,12836.720732608861,0,15115.603699989151,0.0,0.9480025890853108,0.858697997359883,15000,15000,15000,15000,15000,15000,15000,15000,15000,15000,15000
