Type,Name,Request Count,Failure Count,Median Response Time,Average Response Time,Min Response Time,Max Response Time,Average Content Size,Requests/s,Failures/s,50%,66%,75%,80%,90%,95%,98%,99%,99.9%,99.99%,100%
GET,GET /channels,53,0,18,63.43605471357598,11.820700019598007,1051.2946999515407,43.0,0.22139808538886951,0.0,18,20,24,26,41,470,580,1100,1100,1100,1100
GET,GET /get_recordings_timeline (html),15,0,31,30.09120001612852,18.200799997430295,40.23720003897324,28454.0,0.0626598354874159,0.0,31,31,34,34,36,40,40,40,40,40,40
GET,GET /live_metadata,68,0,16,64.8245426495765,11.437199951615185,1079.1933000436984,162.0,0.2840579208762854,0.0,16,18,21,22,110,180,950,1100,1100,1100,1100
GET,GET /metadata/{job_id},1904,0,20,48.84415504194531,10.314200015272945,1422.5783000001684,26.0,7.953621784535992,0.0,20,25,30,33,88,200,330,610,1400,1400,1400
POLL,GET /metadata/{job_id}:timeout,20,20,120051,120853.0,120051,122056,0.0,0.08354644731655453,0.08354644731655453,121000,121000,122000,122000,122000,122000,122000,122000,122000,122000,122000
POST,POST /configure,60,0,180.0,302.7480766633137,107.0297000114806,1421.1573000065982,11639.983333333334,0.2506393419496636,0.0,200,230,260,270,1100,1100,1200,1400,1400,1400,1400
POST,POST /recordings_in_time_range,35,0,33,70.77095143197637,25.287500000558794,758.5119999712333,217.0,0.14620628280397044,0.0,33,41,47,56,150,200,760,760,760,760,760
POST,POST /recordings_in_time_range (discover),20,0,56,66.28766000794712,46.015100029762834,129.64610004564747,601.0,0.08354644731655453,0.0,57,70,78,80,99,130,130,130,130,130,130
,Aggregated,2175,20,20,1167.930317287436,10.314200015272945,122056,555.2289655172414,9.085676145675306,0.08354644731655453,20,27,32,39,150,230,900,1400,122000,122000,122000
