Type,Name,Request Count,Failure Count,Median Response Time,Average Response Time,Min Response Time,Max Response Time,Average Content Size,Requests/s,Failures/s,50%,66%,75%,80%,90%,95%,98%,99%,99.9%,99.99%,100%
GET,GET /channels,2,2,30013.568599999417,30014.546000020346,30013.568599999417,30015.523400041275,0.0,0.009125370860207269,0.009125370860207269,30000,30000,30000,30000,30000,30000,30000,30000,30000,30000,30000
GET,GET /get_recordings_timeline (html),4,4,30011.328699998558,30013.34869999846,30011.328699998558,30016.205899999477,0.0,0.018250741720414538,0.018250741720414538,30000,30000,30000,30000,30000,30000,30000,30000,30000,30000,30000
GET,GET /live_metadata,4,4,30004.20689996099,30013.492424986907,30004.20689996099,30021.401799982414,0.0,0.018250741720414538,0.018250741720414538,30000,30000,30000,30000,30000,30000,30000,30000,30000,30000,30000
POST,POST /configure,18,18,30004.16790001327,30013.340422223944,30004.16790001327,30033.189699985087,0.0,0.08212833774186543,0.08212833774186543,30000,30000,30000,30000,30000,30000,30000,30000,30000,30000,30000
POST,POST /recordings_in_time_range,5,5,30009.47210000595,30016.384480008855,30009.47210000595,30023.246800003108,0.0,0.02281342715051817,0.02281342715051817,30000,30000,30000,30000,30000,30000,30000,30000,30000,30000,30000
POST,POST /recordings_in_time_range (discover),20,20,30006.56800001161,30017.22235500056,30006.56800001161,30040.011000004597,0.0,0.09125370860207269,0.09125370860207269,30000,30000,30000,30000,30000,30000,30000,30000,30000,30000,30000
VALIDATE,on_start:create-job-failed,17,17,0,0.0,0,0,0.0,0.07756565231176178,0.07756565231176178,0,0,0,0,0,0,0,0,0,0,0
,Aggregated,70,70,30000.0,22725.75648000098,0,30040.011000004597,0.0,0.3193879801072544,0.3193879801072544,30000,30000,30000,30000,30000,30000,30000,30000,30000,30000,30000
