Type,Name,Request Count,Failure Count,Median Response Time,Average Response Time,Min Response Time,Max Response Time,Average Content Size,Requests/s,Failures/s,50%,66%,75%,80%,90%,95%,98%,99%,99.9%,99.99%,100%
GET,GET /channels,52,0,15,26.861584613260884,10.92079997761175,177.27659997763112,43.0,0.23748290331249491,0.0,15,16,17,18,50,110,170,180,180,180,180
GET,GET /get_recordings_timeline (html),22,0,28,32.13508636690676,20.6639000098221,54.94359997101128,28454.0,0.10047353601682478,0.0,31,33,37,41,47,51,55,55,55,55,55
GET,GET /live_metadata,45,0,15,38.84308444491277,11.341999983415008,835.7376999920234,162.0,0.20551405094350522,0.0,15,17,17,21,27,95,840,840,840,840,840
GET,GET /metadata/{job_id},1725,0,18,49.9675700293206,11.10910001443699,1237.2424000059254,26.0,7.878038619501034,0.0,18,22,27,30,53,160,680,880,1200,1200,1200
POLL,GET /metadata/{job_id}:timeout,20,20,121000,121301.45,120070,122199,0.0,0.09133957819711343,0.09133957819711343,121000,122000,122000,122000,122000,122000,122000,122000,122000,122000,122000
POST,POST /configure,60,0,180.0,292.8665833353686,96.40169999329373,1342.1368999988772,11639.983333333334,0.2740187345913403,0.0,180,210,250,250,1000,1200,1300,1300,1300,1300,1300
POST,POST /recordings_in_time_range,39,0,35,75.95999231144117,26.2541999691166,1146.1760000092909,217.0,0.1781121774843712,0.0,35,37,41,48,130,180,1100,1100,1100,1100,1100
POST,POST /recordings_in_time_range (discover),20,0,61,129.75414999818895,44.966200017370284,804.4898000080138,601.0,0.09133957819711343,0.0,63,78,99,110,500,800,800,800,800,800,800
,Aggregated,1983,20,19,1280.486277912654,10.92079997761175,122199,705.6207766011095,9.056319178243797,0.09133957819711343,19,24,30,36,120,210,970,120000,122000,122000,122000
