Type,Name,Request Count,Failure Count,Median Response Time,Average Response Time,Min Response Time,Max Response Time,Average Content Size,Requests/s,Failures/s,50%,66%,75%,80%,90%,95%,98%,99%,99.9%,99.99%,100%
GET,GET /channels,58,0,15,39.89913103226893,10.451600013766438,999.108400021214,43.0,0.24208455933006448,0.0,15,16,16,18,21,150,320,1000,1000,1000,1000
GET,GET /get_recordings_timeline (html),18,0,27,57.83121112229613,16.05490001384169,308.70180000783876,28454.0,0.07512969082657174,0.0,27,31,36,45,270,310,310,310,310,310,310
GET,GET /live_metadata,60,0,14,55.38477499600655,11.337100004311651,1015.5863999971189,162.0,0.25043230275523914,0.0,14,16,17,21,93,240,810,1000,1000,1000,1000
GET,GET /metadata/{job_id},2013,0,20,95.78505971171614,9.692999999970198,1866.4406999596395,26.0,8.402003757438273,0.0,20,27,36,110,280,470,840,1100,1700,1900,1900
POLL,GET /metadata/{job_id}:timeout,20,20,121000,121111.3,120024,122324,0.0,0.08347743425174638,0.08347743425174638,121000,121000,122000,122000,122000,122000,122000,122000,122000,122000,122000
POST,POST /configure,60,0,180.0,264.9719999996402,95.98470001947135,1338.8898000121117,11639.983333333334,0.25043230275523914,0.0,180,210,250,280,420,1100,1100,1300,1300,1300,1300
POST,POST /recordings_in_time_range,52,0,30,68.77274230758373,25.538000045344234,917.0538000180386,217.0,0.21704132905454057,0.0,30,34,36,40,45,160,920,920,920,920,920
POST,POST /recordings_in_time_range (discover),20,0,51,110.66167999524623,45.23480002535507,781.3112000003457,601.0,0.08347743425174638,0.0,52,57,67,73,410,780,780,780,780,780,780
,Aggregated,2301,20,21,1148.8080222943918,9.692999999970198,122324,564.2881355932203,9.60407881066342,0.08347743425174638,21,29,45,130,290,550,1100,1400,122000,122000,122000
