Type,Name,Request Count,Failure Count,Median Response Time,Average Response Time,Min Response Time,Max Response Time,Average Content Size,Requests/s,Failures/s,50%,66%,75%,80%,90%,95%,98%,99%,99.9%,99.99%,100%
GET,GET /channels,93,93,5003.076100023463,5010.478772043366,5003.076100023463,5020.164499990642,0.0,0.5172461661990719,0.5172461661990719,5000,5000,5000,5000,5000,5000,5000,5000,5000,5000,5000
GET,GET /get_recordings_timeline (html),25,25,5003.410000004806,5012.218303999398,5003.410000004806,5020.027699996717,0.0,0.13904466833308385,0.13904466833308385,5000,5000,5000,5000,5000,5000,5000,5000,5000,5000,5000
GET,GET /live_metadata,76,76,5003.2577000092715,5011.319364471618,5003.2577000092715,5036.017199978232,0.0,0.42269579173257493,0.42269579173257493,5000,5000,5000,5000,5000,5000,5000,5000,5000,5000,5000
POST,POST /configure,60,60,5001.991699973587,5010.597788331991,5001.991699973587,5024.739400018007,0.0,0.3337072039994013,0.3337072039994013,5000,5000,5000,5000,5000,5000,5000,5000,5000,5000,5000
POST,POST /recordings_in_time_range,55,55,5003.215399978217,5010.906910907943,5003.215399978217,5019.352900038939,0.0,0.3058982703327845,0.3058982703327845,5000,5000,5000,5000,5000,5000,5000,5000,5000,5000,5000
POST,POST /recordings_in_time_range (discover),20,20,30003.851899993606,30013.458539996645,30003.851899993606,30031.382199958898,0.0,0.11123573466646709,0.11123573466646709,30000,30000,30000,30000,30000,30000,30000,30000,30000,30000,30000
VALIDATE,on_start:create-job-failed,20,20,0,0.0,0,0,0.0,0.11123573466646709,0.11123573466646709,0,0,0,0,0,0,0,0,0,0,0
,Aggregated,349,349,5000.0,6156.576427792694,0,30031.382199958898,0.0,1.9410635699298506,1.9410635699298506,5000,5000,5000,5000,5000,30000,30000,30000,30000,30000,30000
