Type,Name,Request Count,Failure Count,Median Response Time,Average Response Time,Min Response Time,Max Response Time,Average Content Size,Requests/s,Failures/s,50%,66%,75%,80%,90%,95%,98%,99%,99.9%,99.99%,100%
GET,GET /channels,86,86,5002.263100002892,5011.52546977053,5002.263100002892,5023.281299974769,0.0,0.47909972035721154,0.47909972035721154,5000,5000,5000,5000,5000,5000,5000,5000,5000,5000,5000
GET,GET /get_recordings_timeline (html),36,36,5002.310400013812,5013.250152771232,5002.310400013812,5057.678299956024,0.0,0.20055337131232112,0.20055337131232112,5000,5000,5000,5000,5000,5000,5100,5100,5100,5100,5100
GET,GET /live_metadata,98,98,5002.5898000458255,5012.277064289024,5002.5898000458255,5039.776500023436,0.0,0.5459508441279852,0.5459508441279852,5000,5000,5000,5000,5000,5000,5000,5000,5000,5000,5000
POST,POST /configure,60,60,5003.296999959275,5011.322494997876,5003.296999959275,5021.112000045832,0.0,0.3342556188538685,0.3342556188538685,5000,5000,5000,5000,5000,5000,5000,5000,5000,5000,5000
POST,POST /recordings_in_time_range,55,55,5002.854399965145,5012.460430908355,5002.854399965145,5020.037700014655,0.0,0.3064009839493795,0.3064009839493795,5000,5000,5000,5000,5000,5000,5000,5000,5000,5000,5000
POST,POST /recordings_in_time_range (discover),20,20,30002.705899998546,30011.593819997506,30002.705899998546,30026.417799992487,0.0,0.11141853961795617,0.11141853961795617,30000,30000,30000,30000,30000,30000,30000,30000,30000,30000,30000
VALIDATE,on_start:create-job-failed,20,20,0,0.0,0,0,0.0,0.11141853961795617,0.11141853961795617,0,0,0,0,0,0,0,0,0,0,0
,Aggregated,375,375,5000.0,6078.047728000364,0,30026.417799992487,0.0,2.089097617836678,2.089097617836678,5000,5000,5000,5000,5000,30000,30000,30000,30000,30000,30000
