Type,Name,Request Count,Failure Count,Median Response Time,Average Response Time,Min Response Time,Max Response Time,Average Content Size,Requests/s,Failures/s,50%,66%,75%,80%,90%,95%,98%,99%,99.9%,99.99%,100%
GET,GET /channels,46,0,14,21.147497829667333,10.84840000839904,258.97720002103597,43.0,0.1925133238642343,0.0,15,16,17,17,20,23,260,260,260,260,260
GET,GET /get_recordings_timeline (html),15,0,29,62.14249333521972,20.35109995631501,253.14380001509562,28454.0,0.06277608386877205,0.0,29,31,35,150,190,250,250,250,250,250,250
GET,GET /live_metadata,63,0,15,39.63841905166942,10.028799995779991,941.8766999733634,162.0,0.26365955224884263,0.0,15,16,18,20,50,130,190,940,940,940,940
GET,GET /metadata/{job_id},2037,0,24,79.49312120780854,9.799699997529387,1899.6289999922737,26.0,8.524992189379246,0.0,24,31,36,43,170,290,870,1100,1500,1900,1900
POLL,GET /metadata/{job_id}:timeout,20,20,121000,120999.8,120005,121833,0.0,0.08370144515836274,0.08370144515836274,121000,121000,122000,122000,122000,122000,122000,122000,122000,122000,122000
POST,POST /configure,60,0,160.0,240.97432333413357,75.05149999633431,1268.6809999868274,11639.866666666667,0.2511043354750882,0.0,160,190,210,220,320,1100,1200,1300,1300,1300,1300
POST,POST /recordings_in_time_range,24,0,31,79.21434999783135,25.77860001474619,1016.6384999756701,217.0,0.10044173419003528,0.0,31,34,40,42,79,130,1000,1000,1000,1000,1000
POST,POST /recordings_in_time_range (discover),20,0,52,111.37486500083469,46.15170002216473,976.0798999923281,601.0,0.08370144515836274,0.0,53,58,63,71,250,980,980,980,980,980,980
,Aggregated,2285,20,24,1140.0055718602919,9.799699997529387,121833,528.4796498905908,9.562890109342943,0.08370144515836274,24,32,38,55,190,320,1100,1500,122000,122000,122000
