Type,Name,Request Count,Failure Count,Median Response Time,Average Response Time,Min Response Time,Max Response Time,Average Content Size,Requests/s,Failures/s,50%,66%,75%,80%,90%,95%,98%,99%,99.9%,99.99%,100%
GET,GET /channels,3,3,15008.48150003003,15012.836166696312,15008.48150003003,15017.800400033593,0.0,0.039728445728506596,0.039728445728506596,15000,15000,15000,15000,15000,15000,15000,15000,15000,15000,15000
GET,GET /live_metadata,5,5,15008.741400029976,15012.774400005583,15008.741400029976,15019.86359996954,0.0,0.06621407621417766,0.06621407621417766,15000,15000,15000,15000,15000,15000,15000,15000,15000,15000,15000
POST,POST /configure,9,9,15006.759799958672,15013.270344449362,15006.759799958672,15020.412000012584,0.0,0.11918533718551978,0.11918533718551978,15000,15000,15000,15000,15000,15000,15000,15000,15000,15000,15000
POST,POST /recordings_in_time_range,1,1,15006.297999992967,15006.297999992967,15006.297999992967,15006.297999992967,0.0,0.013242815242835531,0.013242815242835531,15000,15000,15000,15000,15000,15000,15000,15000,15000,15000,15000
POST,POST /recordings_in_time_range (discover),20,20,15003.367399971467,15013.204990001395,15003.367399971467,15030.310900008772,0.0,0.26485630485671063,0.26485630485671063,15000,15000,15000,15000,15000,15000,15000,15000,15000,15000,15000
VALIDATE,on_start:create-job-failed,9,9,0,0.0,0,0,0.0,0.11918533718551978,0.11918533718551978,0,0,0,0,0,0,0,0,0,0,0
,Aggregated,47,47,15000.0,12138.13215745068,0,15030.310900008772,0.0,0.62241231641327,0.62241231641327,15000,15000,15000,15000,15000,15000,15000,15000,15000,15000,15000
