Type,Name,Request Count,Failure Count,Median Response Time,Average Response Time,Min Response Time,Max Response Time,Average Content Size,Requests/s,Failures/s,50%,66%,75%,80%,90%,95%,98%,99%,99.9%,99.99%,100%
GET,GET /channels,192,0,21,286.612635939188,9.920000040438026,2009.4935999950394,43.0,2.7014889517858918,0.0,22,120,260,580,1200,1300,1800,1900,2000,2000,2000
GET,GET /get_recordings_timeline (html),69,0,25,165.98048550498578,14.879300026223063,1340.1115000015125,28454.0,0.9708475920480548,0.0,25,92,180,240,400,1000,1300,1300,1300,1300,1300
GET,GET /live_metadata,172,0,21,209.47146279057813,10.203499987255782,1693.2915999786928,162.0,2.420083852641528,0.0,21,98,210,270,740,1200,1400,1500,1700,1700,1700
GET,GET /metadata/{job_id},511,61,26,214.74872348379478,10.685899993404746,1729.9427000107244,26.0,7.189900283138494,0.8582855523903093,26,180,270,370,710,980,1300,1300,1700,1700,1700
POST,POST /configure,83,0,320.0,495.356314457218,62.66049999976531,1808.7170000071637,11639.89156626506,1.1678311614491095,0.0,320,420,630,920,1300,1400,1700,1800,1800,1800,1800
POST,POST /recordings_in_time_range,155,0,75,283.1927787088188,25.078399979975075,1923.6701999907382,217.0,2.180889518368819,0.0,75,220,330,430,950,1300,1400,1600,1900,1900,1900
POST,POST /recordings_in_time_range (discover),20,0,66,224.88210498995613,46.398699982091784,918.3014999725856,601.0,0.28140509914436374,0.0,66,71,460,460,910,920,920,920,920,920,920
,Aggregated,1202,61,51,251.04414792011798,9.920000040438026,2009.4935999950394,2516.2212978369384,16.91244645857626,0.8582855523903093,51,190,310,400,840,1200,1300,1600,1900,2000,2000
