Type,Name,Request Count,Failure Count,Median Response Time,Average Response Time,Min Response Time,Max Response Time,Average Content Size,Requests/s,Failures/s,50%,66%,75%,80%,90%,95%,98%,99%,99.9%,99.99%,100%
GET,GET /channels,86,0,15,28.422983723346057,10.464899998623878,633.8336999760941,43.0,0.35849269460736005,0.0,15,16,17,18,22,52,310,630,630,630,630
GET,GET /get_recordings_timeline (html),33,0,25,27.57100303036471,16.144699999131262,111.19919997872785,28454.0,0.13756115025631258,0.0,25,26,27,29,36,40,110,110,110,110,110
GET,GET /live_metadata,74,0,15,41.93690000259242,10.69720002124086,981.6122999764048,162.0,0.3084704581505191,0.0,16,17,17,18,22,110,800,980,980,980,980
GET,GET /metadata/{job_id},2064,0,17,41.5106575580516,9.79919999372214,1048.9425000268966,26.0,8.60382467057664,0.0,17,20,23,26,40,130,360,860,1000,1000,1000
POLL,GET /metadata/{job_id}:timeout,20,20,121000,120788.55,120012,121892,0.0,0.0833703940947349,0.0833703940947349,121000,121000,121000,121000,122000,122000,122000,122000,122000,122000,122000
POST,POST /configure,60,0,140.0,240.54231665989695,62.56960000609979,1106.0466999770142,11639.7,0.2501111822842047,0.0,140,170,200,220,1000,1100,1100,1100,1100,1100,1100
POST,POST /recordings_in_time_range,46,0,32,35.94946738777925,25.22879996104166,116.8710000347346,217.0,0.19175190641789028,0.0,33,34,35,37,48,57,120,120,120,120,120
POST,POST /recordings_in_time_range (discover),20,0,54,57.19859999953769,42.0151999569498,88.35620002355427,601.0,0.0833703940947349,0.0,54,60,66,66,68,88,88,88,88,88,88
,Aggregated,2403,20,18,1050.8267723677247,9.79919999372214,121892,719.3990844777362,10.016952850482397,0.0833703940947349,18,21,25,28,86,160,860,1100,121000,122000,122000
