Type,Name,Request Count,Failure Count,Median Response Time,Average Response Time,Min Response Time,Max Response Time,Average Content Size,Requests/s,Failures/s,50%,66%,75%,80%,90%,95%,98%,99%,99.9%,99.99%,100%
GET,GET /channels,94,94,5003.740399959497,5018.3905914897705,5003.740399959497,5191.721800016239,0.0,0.5240886421165647,0.5240886421165647,5000,5000,5000,5000,5000,5100,5200,5200,5200,5200,5200
GET,GET /get_recordings_timeline (html),37,37,5004.342500003986,5015.166310802719,5004.342500003986,5095.277999993414,0.0,0.206290210194818,0.206290210194818,5000,5000,5000,5000,5000,5100,5100,5100,5100,5100,5100
GET,GET /live_metadata,103,103,5003.970899968408,5017.6421165001775,5003.970899968408,5289.79889996117,0.0,0.5742673418936826,0.5742673418936826,5000,5000,5000,5000,5000,5000,5100,5300,5300,5300,5300
POST,POST /configure,40,40,5003.3578999573365,5013.7964275010745,5003.3578999573365,5081.3625999726355,0.0,0.2230164434538573,0.2230164434538573,5000,5000,5000,5000,5000,5000,5100,5100,5100,5100,5100
POST,POST /recordings_in_time_range,71,71,5002.983200014569,5018.9941352107035,5002.983200014569,5171.635000035167,0.0,0.3958541871305967,0.3958541871305967,5000,5000,5000,5000,5000,5100,5200,5200,5200,5200,5200
POST,POST /recordings_in_time_range (discover),20,20,30004.624699999113,30053.996175006614,30004.624699999113,30428.89430001378,0.0,0.11150822172692865,0.11150822172692865,30000,30000,30000,30000,30000,30000,30000,30000,30000,30000,30000
VALIDATE,on_start:create-job-failed,20,20,0,0.0,0,0,0.0,0.11150822172692865,0.11150822172692865,0,0,0,0,0,0,0,0,0,0,0
,Aggregated,385,385,5000.0,6057.3697955828375,0,30428.89430001378,0.0,2.1465332682433766,2.1465332682433766,5000,5000,5000,5000,5000,30000,30000,30000,30000,30000,30000
