Type,Name,Request Count,Failure Count,Median Response Time,Average Response Time,Min Response Time,Max Response Time,Average Content Size,Requests/s,Failures/s,50%,66%,75%,80%,90%,95%,98%,99%,99.9%,99.99%,100%
GET,GET /channels,21,21,15004.568699980155,15017.092247612753,15004.568699980155,15113.063399970997,0.0,0.11112498527250261,0.11112498527250261,15000,15000,15000,15000,15000,15000,15000,15000,15000,15000,15000
GET,GET /get_recordings_timeline (html),9,0,15005.380499991588,15009.648622233524,15005.380499991588,15014.87419998739,0.0,0.047624993688215406,0.0,15000,15000,15000,15000,15000,15000,15000,15000,15000,15000,15000
GET,GET /live_metadata,30,30,15003.560700046364,15013.959453332549,15003.560700046364,15020.78810002422,0.0,0.15874997896071802,0.15874997896071802,15000,15000,15000,15000,15000,15000,15000,15000,15000,15000,15000
POST,POST /configure,28,28,15003.75350000104,15013.195435714026,15003.75350000104,15049.133800028358,0.0,0.14816664703000348,0.14816664703000348,15000,15000,15000,15000,15000,15000,15000,15000,15000,15000,15000
POST,POST /recordings_in_time_range,22,22,15003.556500014383,15011.382631814658,15003.556500014383,15018.419199972413,0.0,0.11641665123785988,0.11641665123785988,15000,15000,15000,15000,15000,15000,15000,15000,15000,15000,15000
POST,POST /recordings_in_time_range (discover),20,20,15003.574099973775,15018.238434992963,15003.574099973775,15112.344999972265,0.0,0.10583331930714535,0.10583331930714535,15000,15000,15000,15000,15000,15000,15000,15000,15000,15000,15000
VALIDATE,on_start:create-job-failed,20,20,0,0.0,0,0,0.0,0.10583331930714535,0.10583331930714535,0,0,0,0,0,0,0,0,0,0,0
,Aggregated,150,141,15000.0,13012.328114664802,0,15113.063399970997,0.0,0.7937498948035902,0.7461249011153747,15000,15000,15000,15000,15000,15000,15000,15000,15000,15000,15000
