Type,Name,Request Count,Failure Count,Median Response Time,Average Response Time,Min Response Time,Max Response Time,Average Content Size,Requests/s,Failures/s,50%,66%,75%,80%,90%,95%,98%,99%,99.9%,99.99%,100%
GET,GET /channels,1,1,30012.329399993178,30012.329399993178,30012.329399993178,30012.329399993178,0.0,0.010090059256061552,0.010090059256061552,30000,30000,30000,30000,30000,30000,30000,30000,30000,30000,30000
POST,POST /configure,6,6,30006.724399980158,30013.32294998186,30006.724399980158,30026.87199995853,0.0,0.060540355536369314,0.060540355536369314,30000,30000,30000,30000,30000,30000,30000,30000,30000,30000,30000
POST,POST /recordings_in_time_range,1,1,30016.798500029836,30016.798500029836,30016.798500029836,30016.798500029836,0.0,0.010090059256061552,0.010090059256061552,30000,30000,30000,30000,30000,30000,30000,30000,30000,30000,30000
POST,POST /recordings_in_time_range (discover),20,20,30004.061400017235,30017.03399500402,30004.061400017235,30032.866699970327,0.0,0.20180118512123105,0.20180118512123105,30000,30000,30000,30000,30000,30000,30000,30000,30000,30000,30000
VALIDATE,on_start:create-job-failed,5,5,0,0.0,0,0,0.0,0.05045029628030776,0.05045029628030776,0,0,0,0,0,0,0,0,0,0,0
,Aggregated,33,33,30000.0,25468.174106060444,0,30032.866699970327,0.0,0.3329719554500312,0.3329719554500312,30000,30000,30000,30000,30000,30000,30000,30000,30000,30000,30000
