Type,Name,Request Count,Failure Count,Median Response Time,Average Response Time,Min Response Time,Max Response Time,Average Content Size,Requests/s,Failures/s,50%,66%,75%,80%,90%,95%,98%,99%,99.9%,99.99%,100%
GET,GET /channels,106,106,5003.039300034288,5011.807764153313,5003.039300034288,5019.857899984345,0.0,0.5929507912200639,0.5929507912200639,5000,5000,5000,5000,5000,5000,5000,5000,5000,5000,5000
GET,GET /get_recordings_timeline (html),30,30,5003.21370002348,5011.009696669255,5003.21370002348,5018.711999990046,0.0,0.16781626166605582,0.16781626166605582,5000,5000,5000,5000,5000,5000,5000,5000,5000,5000,5000
GET,GET /live_metadata,94,94,5003.034100052901,5011.573614898148,5003.034100052901,5019.595199963078,0.0,0.5258242865536416,0.5258242865536416,5000,5000,5000,5000,5000,5000,5000,5000,5000,5000,5000
POST,POST /configure,50,50,5002.2778999991715,5011.459347999189,5002.2778999991715,5028.789900010452,0.0,0.27969376944342633,0.27969376944342633,5000,5000,5000,5000,5000,5000,5000,5000,5000,5000,5000
POST,POST /recordings_in_time_range,59,59,5003.8889000425115,5012.461042377932,5003.8889000425115,5018.951800011564,0.0,0.3300386479432431,0.3300386479432431,5000,5000,5000,5000,5000,5000,5000,5000,5000,5000,5000
POST,POST /recordings_in_time_range (discover),20,20,30003.846400009934,30013.77488000726,30003.846400009934,30044.042199966498,0.0,0.11187750777737054,0.11187750777737054,30000,30000,30000,30000,30000,30000,30000,30000,30000,30000,30000
VALIDATE,on_start:create-job-failed,20,20,0,0.0,0,0,0.0,0.11187750777737054,0.11187750777737054,0,0,0,0,0,0,0,0,0,0,0
,Aggregated,379,379,5000.0,6066.6319266521305,0,30044.042199966498,0.0,2.120078772381172,2.120078772381172,5000,5000,5000,5000,5000,30000,30000,30000,30000,30000,30000
